<infinispan
      xmlns:xsi="http://www.w3.org/2001/XMLSchema-instance"
      xsi:schemaLocation="urn:infinispan:config:14.0 https://infinispan.org/schemas/infinispan-config-14.0.xsd
                            urn:infinispan:server:14.0 https://infinispan.org/schemas/infinispan-server-14.0.xsd"
      xmlns="urn:infinispan:config:14.0"
      xmlns:server="urn:infinispan:server:14.0">

   <cache-container name="remoteKeycloak" statistics="true" >
      <transport cluster="${infinispan.cluster.name:globalCluster}" stack="${infinispan.cluster.stack:tcp}" node-name="${infinispan.node.name:mainNode}" site="globalSite"/>
      <security>
         <authorization/>
      </security>
      
      <serialization marshaller="org.infinispan.jboss.marshalling.commons.GenericJBossMarshaller">
            <allow-list>
                <class>org.keycloak.cluster.infinispan.WrapperClusterEvent</class>
                <regex>.*</regex>
            </allow-list>
        </serialization>
      <!-- <serialization marshaller="org.keycloak.cluster.infinispan.KeycloakHotRodMarshallerFactory">
            <allow-list>
                <class>org.keycloak.models.cache.infinispan.entities.Cached*</class>
                <class>org.keycloak.cluster.infinispan.WrapperClusterEvent</class>
                <regex>.*</regex>
            </allow-list>
      </serialization> -->

    <replicated-cache name="work">
    	<encoding>
                <key media-type="application/x-java-object"/>
                <value media-type="application/x-java-object"/>
            </encoding>
    </replicated-cache>
    
    
    <distributed-cache name="sessions">
    	<encoding>
                <key media-type="application/x-java-object"/>
                <value media-type="application/x-java-object"/>
            </encoding>
    </distributed-cache>
    
    <distributed-cache name="authenticationSessions">
    	<encoding>
                <key media-type="application/x-java-object"/>
                <value media-type="application/x-java-object"/>
            </encoding>
    </distributed-cache>
    
    <distributed-cache name="clientSessions">
    	<encoding>
                <key media-type="application/x-java-object"/>
                <value media-type="application/x-java-object"/>
            </encoding>
    </distributed-cache>
    
    <distributed-cache name="offlineSessions">
    	<encoding>
                <key media-type="application/x-java-object"/>
                <value media-type="application/x-java-object"/>
            </encoding>
    </distributed-cache>
    <distributed-cache name="offlineClientSessions">
    	<encoding>
                <key media-type="application/x-java-object"/>
                <value media-type="application/x-java-object"/>
            </encoding>
    </distributed-cache>
    
    
    <distributed-cache name="actionTokens">
    	<encoding>
                <key media-type="application/x-java-object"/>
                <value media-type="application/x-java-object"/>
            </encoding>
    </distributed-cache>
    
    <distributed-cache name="loginFailures">
    	<encoding>
                <key media-type="application/x-java-object"/>
                <value media-type="application/x-java-object"/>
            </encoding>
    </distributed-cache>
   </cache-container>

   <server xmlns="urn:infinispan:server:14.0">
      <interfaces>
         <interface name="public">
            <inet-address value="${infinispan.bind.address:127.0.0.1}"/>
         </interface>
      </interfaces>

      <socket-bindings default-interface="public" port-offset="${infinispan.socket.binding.port-offset:0}">
         <socket-binding name="default" port="${infinispan.bind.port:11222}"/>
         <socket-binding name="memcached" port="11221"/>
      </socket-bindings>

      <security>
         <credential-stores>
            <credential-store name="credentials" path="credentials.pfx">
               <clear-text-credential clear-text="secret"/>
            </credential-store>
         </credential-stores>
         <security-realms>
            <security-realm name="default">
               <!-- Uncomment to enable TLS on the realm -->
               <!-- server-identities>
                  <ssl>
                     <keystore path="application.keystore"
                               password="password" alias="server"
                               generate-self-signed-certificate-host="localhost"/>
                  </ssl>
               </server-identities-->
               <properties-realm groups-attribute="Roles">
                  <user-properties path="users.properties"/>
                  <group-properties path="groups.properties"/>
               </properties-realm>
            </security-realm>
         </security-realms>
      </security>

      <endpoints socket-binding="default" security-realm="default">
    <endpoint>
      <hotrod-connector name="hotrod">
        <authentication>
          <sasl mechanisms="DIGEST-MD5"
                server-name="infinispan" />
        </authentication>
      </hotrod-connector>
      <rest-connector name="rest"/>
    </endpoint>
  </endpoints>
   </server>
</infinispan>


