<?xml version="1.0" encoding="UTF-8"?>

<infinispan
        xmlns:xsi="http://www.w3.org/2001/XMLSchema-instance"
        xsi:schemaLocation="urn:infinispan:config:13.0 http://www.infinispan.org/schemas/infinispan-config-13.0.xsd"
        xmlns="urn:infinispan:config:13.0">

    <cache-container name="keycloak">
        <transport cluster="${infinispan.cluster.name:globalCluster}"  stack="tcp" lock-timeout="60000" site="site1"/>
        <local-cache name="realms">
            <encoding>
                <key media-type="application/x-java-object"/>
                <value media-type="application/x-java-object"/>
            </encoding>
            <memory max-count="10000"/>
        </local-cache>
        <local-cache name="users">
            <encoding>
                <key media-type="application/x-java-object"/>
                <value media-type="application/x-java-object"/>
            </encoding>
            <memory max-count="10000"/>
        </local-cache>
        <local-cache name="authorization">
            <encoding>
                <key media-type="application/x-java-object"/>
                <value media-type="application/x-java-object"/>
            </encoding>
            <memory max-count="10000"/>
        </local-cache>
        <local-cache name="keys">
            <encoding>
                <key media-type="application/x-java-object"/>
                <value media-type="application/x-java-object"/>
            </encoding>
            <expiration max-idle="3600000"/>
            <memory max-count="1000"/>
        </local-cache>

        <distributed-cache name="sessions" owners="2">
            <remote-store xmlns="urn:infinispan:config:store:remote:13.0"
                          cache="sessions"
                          purge="false"
                          preload="false"
                          segmented="false"
                          shared="true"
                          raw-values="true"
                          marshaller="org.keycloak.cluster.infinispan.KeycloakHotRodMarshallerFactory">
                <remote-server host="127.0.0.1" port="11222" />
                <security>
                    <authentication server-name="infinispan">
                        <digest username="admin" password="password" realm="default"/>
                    </authentication>
                </security>
            </remote-store>
        </distributed-cache>
        <distributed-cache name="authenticationSessions" owners="2">
            <remote-store xmlns="urn:infinispan:config:store:remote:13.0"
                          cache="authenticationSessions"
                          purge="false"
                          preload="false"
                          segmented="false"
                          shared="true"
                          raw-values="true"
                          marshaller="org.keycloak.cluster.infinispan.KeycloakHotRodMarshallerFactory">
                <remote-server host="127.0.0.1" port="11222" />
                <security>
                    <authentication server-name="infinispan">
                        <digest username="admin" password="password" realm="default"/>
                    </authentication>
                </security>
            </remote-store>
        </distributed-cache>
        <distributed-cache name="offlineSessions" owners="2">
            <remote-store xmlns="urn:infinispan:config:store:remote:13.0"
                          cache="offlineSessions"
                          purge="false"
                          preload="false"
                          segmented="false"
                          shared="true"
                          raw-values="true"
                          marshaller="org.keycloak.cluster.infinispan.KeycloakHotRodMarshallerFactory">
                <remote-server host="127.0.0.1" port="11222" />
                <security>
                    <authentication server-name="infinispan">
                        <digest username="admin" password="password" realm="default"/>
                    </authentication>
                </security>
            </remote-store>
        </distributed-cache>
        <distributed-cache name="clientSessions" owners="2">
            <remote-store xmlns="urn:infinispan:config:store:remote:13.0"
                          cache="clientSessions"
                          purge="false"
                          preload="false"
                          segmented="false"
                          shared="true"
                          raw-values="true"
                          marshaller="org.keycloak.cluster.infinispan.KeycloakHotRodMarshallerFactory">
                <remote-server host="127.0.0.1" port="11222" />
                <security>
                    <authentication server-name="infinispan">
                        <digest username="admin" password="password" realm="default"/>
                    </authentication>
                </security>
            </remote-store>
        </distributed-cache>
        <distributed-cache name="offlineClientSessions" owners="2">
            <remote-store xmlns="urn:infinispan:config:store:remote:13.0"
                          cache="offlineClientSessions"
                          purge="false"
                          preload="false"
                          segmented="false"
                          shared="true"
                          raw-values="true"
                          marshaller="org.keycloak.cluster.infinispan.KeycloakHotRodMarshallerFactory">
                <remote-server host="127.0.0.1" port="11222" />
                <security>
                    <authentication server-name="infinispan">
                        <digest username="admin" password="password" realm="default"/>
                    </authentication>
                </security>
            </remote-store>
        </distributed-cache>
        <distributed-cache name="loginFailures" owners="2">
            <remote-store xmlns="urn:infinispan:config:store:remote:13.0"
                          cache="loginFailures"
                          purge="false"
                          preload="false"
                          segmented="false"
                          shared="true"
                          raw-values="true"
                          marshaller="org.keycloak.cluster.infinispan.KeycloakHotRodMarshallerFactory">
                <remote-server host="127.0.0.1" port="11222" />
                <security>
                    <authentication server-name="infinispan">
                        <digest username="admin" password="password" realm="default"/>
                    </authentication>
                </security>
            </remote-store>
        </distributed-cache>
        <distributed-cache name="actionTokens" owners="2">
    		<expiration max-idle="-1" interval="300000"/>
            <remote-store xmlns="urn:infinispan:config:store:remote:13.0"
                          cache="actionTokens"
                          purge="false"
                          preload="false"
                          segmented="false"
                          shared="true"
                          raw-values="true"
                          marshaller="org.keycloak.cluster.infinispan.KeycloakHotRodMarshallerFactory">
                <remote-server host="127.0.0.1" port="11222" />
                <security>
                    <authentication server-name="infinispan">
                        <digest username="admin" password="password" realm="default"/>
                    </authentication>
                </security>
            </remote-store>
        </distributed-cache>

        <replicated-cache name="work">
            <remote-store xmlns="urn:infinispan:config:store:remote:13.0"
                          cache="work"
                          purge="false"
                          preload="false"
                          segmented="false"
                          shared="true"
                          raw-values="true"
                          marshaller="org.keycloak.cluster.infinispan.KeycloakHotRodMarshallerFactory">
                <remote-server host="127.0.0.1" port="11222" />
                <security>
                    <authentication server-name="infinispan">
                        <digest username="admin" password="password" realm="default"/>
                    </authentication>
                </security>
            </remote-store>
        </replicated-cache>
    </cache-container>
</infinispan>